Date,Low,Open,Volume,High,Close,Adjusted Close
02-01-2020,73.79750061035156,74.05999755859375,135480400,75.1500015258789,75.0875015258789,73.6835708618164
03-01-2020,74.125,74.2874984741211,146322800,75.1449966430664,74.35749816894531,72.96720886230469
06-01-2020,73.1875,73.44750213623047,118387200,74.98999786376953,74.94999694824219,73.54862976074219
07-01-2020,74.37000274658203,74.95999908447266,108872000,75.2249984741211,74.59750366210938,73.2027359008789
08-01-2020,74.29000091552734,74.29000091552734,132079200,76.11000061035156,75.79750061035156,74.38029479980469
09-01-2020,76.55000305175781,76.80999755859375,170108400,77.60749816894531,77.40750122070312,75.96017456054688
10-01-2020,77.0625,77.6500015258789,140644800,78.1675033569336,77.5824966430664,76.13191223144531
13-01-2020,77.7874984741211,77.91000366210938,121532000,79.26750183105469,79.23999786376953,77.7584228515625
14-01-2020,78.0425033569336,79.17500305175781,161954400,79.39250183105469,78.16999816894531,76.70843505859375
15-01-2020,77.38749694824219,77.9625015258789,121923600,78.875,77.83499908447266,76.37969970703125
16-01-2020,78.02249908447266,78.39749908447266,108829200,78.92500305175781,78.80999755859375,77.33645629882812
17-01-2020,78.75,79.06749725341797,137816400,79.68499755859375,79.68250274658203,78.19266510009766
21-01-2020,79.0,79.29750061035156,110843200,79.75499725341797,79.14250183105469,77.66275024414062
22-01-2020,79.32749938964844,79.6449966430664,101832400,79.99749755859375,79.42500305175781,77.93997955322266
23-01-2020,78.9124984741211,79.4800033569336,104472000,79.88999938964844,79.80750274658203,78.31529998779297
24-01-2020,79.37999725341797,80.0625,146537600,80.8324966430664,79.57749938964844,78.0896224975586
27-01-2020,76.22000122070312,77.51499938964844,161940000,77.94249725341797,77.23750305175781,75.79337310791016
28-01-2020,78.04750061035156,78.1500015258789,162234000,79.5999984741211,79.42250061035156,77.93750762939453
29-01-2020,80.34500122070312,81.11250305175781,216229200,81.9625015258789,81.08499908447266,79.56893157958984
30-01-2020,79.6875,80.13500213623047,126743200,81.02249908447266,80.96749877929688,79.45362854003906
31-01-2020,77.07250213623047,80.23249816894531,199588400,80.66999816894531,77.37750244140625,75.93074035644531
03-02-2020,75.55500030517578,76.07499694824219,173788400,78.37249755859375,77.16500091552734,75.72222137451172
04-02-2020,78.40750122070312,78.82749938964844,136616400,79.91000366210938,79.7125015258789,78.22209167480469
05-02-2020,79.73750305175781,80.87999725341797,118826800,81.19000244140625,80.36250305175781,78.85993957519531
06-02-2020,80.06500244140625,80.64250183105469,105425600,81.30500030517578,81.30249786376953,79.78235626220703
07-02-2020,79.5,80.59249877929688,117684000,80.8499984741211,80.00749969482422,78.69792175292969
10-02-2020,78.4625015258789,78.54499816894531,109348800,80.38749694824219,80.38749694824219,79.07168579101562
11-02-2020,79.67749786376953,80.9000015258789,94323200,80.9749984741211,79.90249633789062,78.59461975097656
12-02-2020,80.36750030517578,80.36750030517578,113730400,81.80500030517578,81.80000305175781,80.46106719970703
13-02-2020,80.8375015258789,81.04750061035156,94747600,81.55500030517578,81.21749877929688,79.88810729980469
14-02-2020,80.7125015258789,81.18499755859375,80113600,81.49500274658203,81.23750305175781,79.90777587890625
18-02-2020,78.65249633789062,78.83999633789062,152531200,79.9375,79.75,78.44463348388672
19-02-2020,80.0,80.0,93984000,81.14250183105469,80.90499877929688,79.5807113647461
20-02-2020,79.55249786376953,80.65750122070312,100566000,81.1624984741211,80.07499694824219,78.76428985595703
21-02-2020,77.625,79.65499877929688,129554000,80.11250305175781,78.26249694824219,76.98145294189453
24-02-2020,72.30750274658203,74.31500244140625,222195200,76.04499816894531,74.54499816894531,73.32481384277344
25-02-2020,71.53250122070312,75.23750305175781,230673600,75.63249969482422,72.0199966430664,70.84115600585938
26-02-2020,71.625,71.63249969482422,198054800,74.47000122070312,73.1624984741211,71.96495056152344
27-02-2020,68.23999786376953,70.2750015258789,320605600,71.5,68.37999725341797,67.26073455810547
28-02-2020,64.09249877929688,64.31500244140625,426510000,69.60250091552734,68.33999633789062,67.22138977050781
02-03-2020,69.43000030517578,70.56999969482422,341397200,75.36000061035156,74.70249938964844,73.479736328125
03-03-2020,71.44999694824219,75.9175033569336,319475600,76.0,72.33000183105469,71.14608001708984
04-03-2020,73.28250122070312,74.11000061035156,219178400,75.8499984741211,75.68499755859375,74.44615173339844
05-03-2020,72.85250091552734,73.87999725341797,187572800,74.88749694824219,73.2300033569336,72.03134155273438
06-03-2020,70.30750274658203,70.5,226176800,72.70500183105469,72.25749969482422,71.07476806640625
09-03-2020,65.75,65.9375,286744800,69.52249908447266,66.5425033569336,65.45330810546875
10-03-2020,67.34249877929688,69.28500366210938,285290000,71.61000061035156,71.33499908447266,70.1673583984375
11-03-2020,67.96499633789062,69.34750366210938,255598800,70.30500030517578,68.85749816894531,67.73041534423828
12-03-2020,62.0,63.98500061035156,418474000,67.5,62.057498931884766,61.041717529296875
13-03-2020,63.23749923706055,66.22250366210938,370732000,69.9800033569336,69.49250030517578,68.35501098632812
16-03-2020,60.0,60.48749923706055,322423600,64.7699966430664,60.5525016784668,59.56135559082031
17-03-2020,59.599998474121094,61.877498626708984,324056000,64.40249633789062,63.21500015258789,62.180274963378906
18-03-2020,59.279998779296875,59.942501068115234,300233600,62.5,61.66749954223633,60.658103942871094
19-03-2020,60.65250015258789,61.84749984741211,271857200,63.209999084472656,61.19499969482422,60.193336486816406
20-03-2020,57.0,61.79499816894531,401693200,62.95750045776367,57.310001373291016,56.37193298339844
23-03-2020,53.15250015258789,57.02000045776367,336752800,57.125,56.092498779296875,55.174354553222656
24-03-2020,58.57500076293945,59.09000015258789,287531200,61.92250061035156,61.720001220703125,60.709747314453125
25-03-2020,61.07500076293945,62.6875,303602000,64.5625,61.380001068115234,60.375308990478516
26-03-2020,61.59000015258789,61.630001068115234,252087200,64.66999816894531,64.61000061035156,63.55244064331055
27-03-2020,61.76250076293945,63.1875,204216800,63.967498779296875,61.935001373291016,60.921226501464844
30-03-2020,62.349998474121094,62.685001373291016,167976400,63.880001068115234,63.70249938964844,62.6597900390625
31-03-2020,63.0,63.900001525878906,197002000,65.62249755859375,63.5724983215332,62.53191375732422
01-04-2020,59.782501220703125,61.625,176218400,62.18000030517578,60.227500915527344,59.241668701171875
02-04-2020,59.224998474121094,60.084999084472656,165934000,61.287498474121094,61.23249816894531,60.23021697998047
03-04-2020,59.74250030517578,60.70000076293945,129880000,61.42499923706055,60.352500915527344,59.364620208740234
06-04-2020,62.345001220703125,62.724998474121094,201820400,65.77749633789062,65.61750030517578,64.54344177246094
07-04-2020,64.75,67.69999694824219,202887200,67.92500305175781,64.85749816894531,63.79587936401367
08-04-2020,65.30750274658203,65.68499755859375,168895200,66.84249877929688,66.51750183105469,65.42872619628906
09-04-2020,66.17500305175781,67.17500305175781,161834800,67.51750183105469,66.99749755859375,65.90084838867188
13-04-2020,66.4574966430664,67.07749938964844,131022800,68.42500305175781,68.3125,67.19432830810547
14-04-2020,69.51249694824219,70.0,194994800,72.0625,71.76249694824219,70.58786010742188
15-04-2020,70.15750122070312,70.5999984741211,131154400,71.5824966430664,71.10749816894531,69.94358825683594
16-04-2020,70.5875015258789,71.84500122070312,157125200,72.05000305175781,71.67250061035156,70.49932861328125
17-04-2020,69.21499633789062,71.17250061035156,215250000,71.73750305175781,70.69999694824219,69.54273986816406
20-04-2020,69.2125015258789,69.48750305175781,130015200,70.41999816894531,69.23249816894531,68.09928131103516
21-04-2020,66.35749816894531,69.06999969482422,180991600,69.3125,67.09249877929688,65.99430847167969
22-04-2020,68.05000305175781,68.40249633789062,116862400,69.4749984741211,69.0250015258789,67.8951644897461
23-04-2020,68.71749877929688,68.96749877929688,124814400,70.4375,68.75749969482422,67.63204193115234
24-04-2020,69.25,69.30000305175781,126161200,70.75250244140625,70.74250030517578,69.58455657958984
27-04-2020,69.98750305175781,70.44999694824219,117087600,71.13500213623047,70.7925033569336,69.63374328613281
28-04-2020,69.55000305175781,71.2699966430664,112004800,71.4574966430664,69.6449966430664,68.50502014160156
29-04-2020,70.97250366210938,71.18250274658203,137280800,72.4175033569336,71.93250274658203,70.75508117675781
30-04-2020,72.0875015258789,72.48999786376953,183064000,73.63249969482422,73.44999694824219,72.24773406982422
01-05-2020,71.4625015258789,71.5625,240616800,74.75,72.26750183105469,71.08460235595703
04-05-2020,71.58000183105469,72.2925033569336,133568000,73.42250061035156,73.29000091552734,72.0903549194336
05-05-2020,73.61499786376953,73.76499938964844,147751200,75.25,74.38999938964844,73.17234802246094
06-05-2020,74.71749877929688,75.11499786376953,142333600,75.80999755859375,75.15750122070312,73.92729187011719
07-05-2020,75.49250030517578,75.80500030517578,115215200,76.2925033569336,75.93499755859375,74.69205474853516
08-05-2020,76.07250213623047,76.41000366210938,133838400,77.5875015258789,77.53250122070312,76.4698715209961
11-05-2020,76.80999755859375,77.0250015258789,145946400,79.26249694824219,78.75250244140625,77.67314910888672
12-05-2020,77.72750091552734,79.4574966430664,162301200,79.92250061035156,77.85250091552734,76.78548431396484
13-05-2020,75.80249786376953,78.0374984741211,200622400,78.98750305175781,76.9124984741211,75.85836029052734
14-05-2020,75.38249969482422,76.12750244140625,158929200,77.44750213623047,77.38500213623047,76.32438659667969
15-05-2020,75.05249786376953,75.0875015258789,166348400,76.9749984741211,76.92749786376953,75.87313842773438
18-05-2020,77.58000183105469,78.2925033569336,135178400,79.125,78.73999786376953,77.66081237792969
19-05-2020,78.25250244140625,78.75749969482422,101729600,79.62999725341797,78.28500366210938,77.21205139160156
20-05-2020,79.12999725341797,79.16999816894531,111504800,79.87999725341797,79.80750274658203,78.71368408203125
21-05-2020,78.96749877929688,79.66500091552734,102688800,80.22250366210938,79.2125015258789,78.12682342529297
22-05-2020,78.8375015258789,78.94249725341797,81803200,79.80750274658203,79.72250366210938,78.62984466552734
26-05-2020,79.125,80.875,125522000,81.05999755859375,79.18250274658203,78.09725189208984
27-05-2020,78.27249908447266,79.03500366210938,112945200,79.67749786376953,79.52749633789062,78.43751525878906
28-05-2020,78.90750122070312,79.19249725341797,133560800,80.86000061035156,79.5625,78.47203826904297
29-05-2020,79.11750030517578,79.8125,153532400,80.2874984741211,79.48500061035156,78.39559173583984
01-06-2020,79.30249786376953,79.4375,80791200,80.5875015258789,80.4625015258789,79.35969543457031
02-06-2020,79.73249816894531,80.1875,87642800,80.86000061035156,80.83499908447266,79.72710418701172
03-06-2020,80.57499694824219,81.16500091552734,104491200,81.55000305175781,81.27999877929688,80.1659927368164
04-06-2020,80.19499969482422,81.09750366210938,87560400,81.40499877929688,80.58000183105469,79.47559356689453
05-06-2020,80.80750274658203,80.8375015258789,137250400,82.9375,82.875,81.7391357421875
08-06-2020,81.83000183105469,82.5625,95654400,83.4000015258789,83.36499786376953,82.222412109375
09-06-2020,83.00250244140625,83.03500366210938,147712400,86.40249633789062,85.99749755859375,84.81883239746094
10-06-2020,86.52249908447266,86.9749984741211,166651600,88.69249725341797,88.20999908447266,87.00102233886719
11-06-2020,83.87000274658203,87.32749938964844,201662400,87.76499938964844,83.9749984741211,82.82405853271484
12-06-2020,83.55500030517578,86.18000030517578,200146000,86.94999694824219,84.69999694824219,83.53911590576172
15-06-2020,83.1449966430664,83.3125,138808800,86.41999816894531,85.74749755859375,84.57227325439453
16-06-2020,86.18000030517578,87.86499786376953,165428800,88.30000305175781,88.0199966430664,86.81361389160156
17-06-2020,87.77249908447266,88.7874984741211,114406400,88.8499984741211,87.89749908447266,86.69280242919922
18-06-2020,87.30500030517578,87.85250091552734,96820400,88.36250305175781,87.93250274658203,86.72732543945312
19-06-2020,86.2874984741211,88.66000366210938,264476000,89.13999938964844,87.43000030517578,86.23170471191406
22-06-2020,87.7874984741211,87.83499908447266,135445200,89.86499786376953,89.71749877929688,88.48784637451172
23-06-2020,90.56749725341797,91.0,212155600,93.09500122070312,91.63249969482422,90.3766098022461
24-06-2020,89.62999725341797,91.25,192623200,92.19750213623047,90.01499938964844,88.78128814697266
25-06-2020,89.39250183105469,90.17500305175781,137522400,91.25,91.20999908447266,89.95989990234375
26-06-2020,88.25499725341797,91.10250091552734,205256800,91.33000183105469,88.40750122070312,87.19580078125
29-06-2020,87.81999969482422,88.3125,130646000,90.5425033569336,90.44499969482422,89.20539093017578
30-06-2020,90.0,90.0199966430664,140223200,91.49500274658203,91.19999694824219,89.95004272460938
01-07-2020,90.97750091552734,91.27999877929688,110737200,91.83999633789062,91.02749633789062,89.7798843383789
02-07-2020,90.91000366210938,91.9625015258789,114041600,92.61750030517578,91.02749633789062,89.7798843383789
06-07-2020,92.46749877929688,92.5,118655600,93.94499969482422,93.4625015258789,92.18152618408203
07-07-2020,93.05750274658203,93.85250091552734,112424400,94.65499877929688,93.17250061035156,91.89550018310547
08-07-2020,94.08999633789062,94.18000030517578,117092000,95.375,95.34249877929688,94.0357666015625
09-07-2020,94.67250061035156,96.26249694824219,125642800,96.31749725341797,95.75250244140625,94.44014739990234
10-07-2020,94.70500183105469,95.33499908447266,90257200,95.9800033569336,95.91999816894531,94.60535430908203
13-07-2020,95.25749969482422,97.26499938964844,191649200,99.95500183105469,95.47750091552734,94.16891479492188
14-07-2020,93.87750244140625,94.83999633789062,170989200,97.25499725341797,97.05750274658203,95.72726440429688
15-07-2020,96.48999786376953,98.98999786376953,153198000,99.24749755859375,97.7249984741211,96.38561248779297
16-07-2020,95.90499877929688,96.5625,110577600,97.40499877929688,96.52249908447266,95.19959259033203
17-07-2020,95.83999633789062,96.98750305175781,92186800,97.14749908447266,96.32749938964844,95.00726318359375
20-07-2020,96.0625,96.4175033569336,90318000,98.5,98.35749816894531,97.00942993164062
21-07-2020,96.74250030517578,99.17250061035156,103433200,99.25,97.0,95.6705551147461
22-07-2020,96.60250091552734,96.69249725341797,89001600,97.9749984741211,97.27249908447266,95.93930053710938
23-07-2020,92.01000213623047,96.99749755859375,197004400,97.07749938964844,92.84500122070312,91.5724868774414
24-07-2020,89.1449966430664,90.98750305175781,185438800,92.97000122070312,92.61499786376953,91.34564208984375
27-07-2020,93.4800033569336,93.70999908447266,121214000,94.90499877929688,94.80999755859375,93.51055145263672
28-07-2020,93.24749755859375,94.36750030517578,103625600,94.55000305175781,93.25250244140625,91.97441101074219
29-07-2020,93.7125015258789,93.75,90329200,95.2300033569336,95.04000091552734,93.7374267578125
30-07-2020,93.76750183105469,94.1875,158130000,96.29750061035156,96.19000244140625,94.87165069580078
31-07-2020,100.82499694824219,102.88500213623047,374336800,106.41500091552734,106.26000213623047,104.80364227294922
03-08-2020,107.89250183105469,108.19999694824219,308151200,111.63749694824219,108.9375,107.4444351196289
04-08-2020,108.38749694824219,109.13249969482422,173071600,110.79000091552734,109.66500091552734,108.16197204589844
05-08-2020,108.89749908447266,109.37750244140625,121776800,110.39250183105469,110.0625,108.55400848388672
06-08-2020,109.79750061035156,110.40499877929688,202428800,114.4124984741211,113.90249633789062,112.34136199951172
07-08-2020,110.2925033569336,113.20500183105469,198045600,113.67500305175781,111.11250305175781,109.7872085571289
10-08-2020,110.0,112.5999984741211,212403600,113.7750015258789,112.72750091552734,111.38296508789062
11-08-2020,109.10749816894531,111.97000122070312,187902400,112.48249816894531,109.375,108.0704345703125
12-08-2020,110.29750061035156,110.49749755859375,165598000,113.2750015258789,113.01000213623047,111.66207885742188
13-08-2020,113.92749786376953,114.43000030517578,210082000,116.0425033569336,115.01000213623047,113.63823699951172
14-08-2020,113.04499816894531,114.83000183105469,165565200,115.0,114.90750122070312,113.53694915771484
17-08-2020,113.9625015258789,116.0625,119561600,116.0875015258789,114.60749816894531,113.24052429199219
18-08-2020,114.00749969482422,114.35250091552734,105633600,116.0,115.5625,114.18413543701172
19-08-2020,115.61000061035156,115.98249816894531,145538000,117.1624984741211,115.7074966430664,114.32740020751953
20-08-2020,115.73249816894531,115.75,126907200,118.39250183105469,118.2750015258789,116.86428833007812
21-08-2020,119.25,119.26249694824219,338054800,124.86750030517578,124.37000274658203,122.88658905029297
24-08-2020,123.9375,128.69749450683594,345937600,128.78500366210938,125.85749816894531,124.35635375976562
25-08-2020,123.05249786376953,124.69750213623047,211495600,125.18000030517578,124.82499694824219,123.33615112304688
26-08-2020,125.0824966430664,126.18000030517578,163022400,126.99250030517578,126.52249908447266,125.01341247558594
27-08-2020,123.8324966430664,127.14250183105469,155552400,127.48500061035156,125.01000213623047,123.51895904541016
28-08-2020,124.57749938964844,126.01249694824219,187630000,126.44249725341797,124.80750274658203,123.31886291503906
31-08-2020,126.0,127.58000183105469,225702700,131.0,129.0399932861328,127.50088500976562
01-09-2020,130.52999877929688,132.75999450683594,151948100,134.8000030517578,134.17999267578125,132.57957458496094
02-09-2020,127.0,137.58999633789062,200119000,137.97999572753906,131.39999389648438,129.83273315429688
03-09-2020,120.5,126.91000366210938,257599600,128.83999633789062,120.87999725341797,119.43821716308594
04-09-2020,110.88999938964844,120.06999969482422,332607200,123.69999694824219,120.95999908447266,119.51725006103516
08-09-2020,112.68000030517578,113.94999694824219,231366600,118.98999786376953,112.81999969482422,111.4743423461914
09-09-2020,115.26000213623047,117.26000213623047,176940500,119.13999938964844,117.31999969482422,115.92066955566406
10-09-2020,112.5,120.36000061035156,182274400,120.5,113.48999786376953,112.1363525390625
11-09-2020,110.0,114.56999969482422,180860300,115.2300033569336,112.0,110.66411590576172
14-09-2020,112.80000305175781,114.72000122070312,140150100,115.93000030517578,115.36000061035156,113.98404693603516
15-09-2020,113.61000061035156,118.33000183105469,184642000,118.83000183105469,115.54000091552734,114.16191101074219
16-09-2020,112.04000091552734,115.2300033569336,154679000,116.0,112.12999725341797,110.79257202148438
17-09-2020,108.70999908447266,109.72000122070312,178011000,112.19999694824219,110.33999633789062,109.02391815185547
18-09-2020,106.08999633789062,110.4000015258789,287104900,110.87999725341797,106.83999633789062,105.565673828125
21-09-2020,103.0999984741211,104.54000091552734,195713800,110.19000244140625,110.08000183105469,108.76702880859375
22-09-2020,109.16000366210938,112.68000030517578,183055400,112.86000061035156,111.80999755859375,110.47639465332031
23-09-2020,106.7699966430664,111.62000274658203,150718700,112.11000061035156,107.12000274658203,105.84233856201172
24-09-2020,105.0,105.16999816894531,167743300,110.25,108.22000122070312,106.92921447753906
25-09-2020,107.66999816894531,108.43000030517578,149981400,112.44000244140625,112.27999877929688,110.94078826904297
28-09-2020,112.77999877929688,115.01000213623047,137672400,115.31999969482422,114.95999908447266,113.58882141113281
29-09-2020,113.56999969482422,114.55000305175781,99382200,115.30999755859375,114.08999633789062,112.72919464111328
30-09-2020,113.62000274658203,113.79000091552734,142675200,117.26000213623047,115.80999755859375,114.42867279052734
01-10-2020,115.83000183105469,117.63999938964844,116120400,117.72000122070312,116.79000091552734,115.39698791503906
02-10-2020,112.22000122070312,112.88999938964844,144712000,115.37000274658203,113.0199966430664,111.67195129394531
05-10-2020,113.55000305175781,113.91000366210938,106243800,116.6500015258789,116.5,115.1104507446289
06-10-2020,112.25,115.69999694824219,161498200,116.12000274658203,113.16000366210938,111.81029510498047
07-10-2020,114.12999725341797,114.62000274658203,96849000,115.55000305175781,115.08000183105469,113.70738983154297
08-10-2020,114.58999633789062,116.25,83477200,116.4000015258789,114.97000122070312,113.59870147705078
09-10-2020,114.91999816894531,115.27999877929688,100506900,117.0,116.97000122070312,115.5748519897461
12-10-2020,119.27999877929688,120.05999755859375,240226800,125.18000030517578,124.4000015258789,122.91622924804688
13-10-2020,119.6500015258789,125.2699966430664,262330500,125.38999938964844,121.0999984741211,119.65559387207031
14-10-2020,119.62000274658203,121.0,150712000,123.02999877929688,121.19000244140625,119.7445068359375
15-10-2020,118.1500015258789,118.72000122070312,112559200,121.19999694824219,120.70999908447266,119.27022552490234
16-10-2020,118.80999755859375,121.27999877929688,115393800,121.55000305175781,119.0199966430664,117.60040283203125
19-10-2020,115.66000366210938,119.95999908447266,120639300,120.41999816894531,115.9800033569336,114.59664916992188
20-10-2020,115.62999725341797,116.19999694824219,124423700,118.9800033569336,117.51000213623047,116.10840606689453
21-10-2020,116.44999694824219,116.66999816894531,89946000,118.70999908447266,116.87000274658203,115.47605895996094
22-10-2020,114.58999633789062,117.44999694824219,101988000,118.04000091552734,115.75,114.3694076538086
23-10-2020,114.27999877929688,116.38999938964844,82572600,116.55000305175781,115.04000091552734,113.6678695678711
26-10-2020,112.87999725341797,114.01000213623047,111850700,116.55000305175781,115.05000305175781,113.67774963378906
27-10-2020,114.54000091552734,115.48999786376953,92276800,117.27999877929688,116.5999984741211,115.20925903320312
28-10-2020,111.0999984741211,115.05000305175781,143937800,115.43000030517578,111.19999694824219,109.87366485595703
29-10-2020,112.19999694824219,112.37000274658203,146129200,116.93000030517578,115.31999969482422,113.94453430175781
30-10-2020,107.72000122070312,111.05999755859375,190272600,111.98999786376953,108.86000061035156,107.56158447265625
02-11-2020,107.31999969482422,109.11000061035156,122866900,110.68000030517578,108.7699966430664,107.47264862060547
03-11-2020,108.7300033569336,109.66000366210938,107624400,111.48999786376953,110.44000244140625,109.12273406982422
04-11-2020,112.3499984741211,114.13999938964844,138235500,115.58999633789062,114.94999694824219,113.57894134521484
05-11-2020,116.87000274658203,117.94999694824219,126387100,119.62000274658203,119.02999877929688,117.61027526855469
06-11-2020,116.12999725341797,118.31999969482422,114457900,119.19999694824219,118.69000244140625,117.4766616821289
09-11-2020,116.05000305175781,120.5,154515300,121.98999786376953,116.31999969482422,115.13088989257812
10-11-2020,114.12999725341797,115.55000305175781,138023400,117.58999633789062,115.97000122070312,114.78446960449219
11-11-2020,116.44000244140625,117.19000244140625,112295000,119.62999725341797,119.48999786376953,118.26847839355469
12-11-2020,118.56999969482422,119.62000274658203,103162300,120.52999877929688,119.20999908447266,117.99134063720703
13-11-2020,117.87000274658203,119.44000244140625,81581900,119.66999816894531,119.26000213623047,118.04084014892578
16-11-2020,118.1500015258789,118.91999816894531,91183000,120.98999786376953,120.30000305175781,119.0702133178711
17-11-2020,118.95999908447266,119.55000305175781,74271000,120.66999816894531,119.38999938964844,118.16949462890625
18-11-2020,118.0,118.61000061035156,76322100,119.81999969482422,118.02999877929688,116.82341003417969
19-11-2020,116.80999755859375,117.58999633789062,74113000,119.05999755859375,118.63999938964844,117.42716979980469
20-11-2020,117.29000091552734,118.63999938964844,73604300,118.7699966430664,117.33999633789062,116.14045715332031
23-11-2020,113.75,117.18000030517578,127959300,117.62000274658203,113.8499984741211,112.68614196777344
24-11-2020,112.58999633789062,113.91000366210938,113874200,115.8499984741211,115.16999816894531,113.99263763427734
25-11-2020,115.16999816894531,115.55000305175781,76499200,116.75,116.02999877929688,114.84384155273438
27-11-2020,116.22000122070312,116.56999969482422,46691300,117.48999786376953,116.58999633789062,115.39811706542969
30-11-2020,116.80999755859375,116.97000122070312,169410200,120.97000122070312,119.05000305175781,117.8329849243164
01-12-2020,120.01000213623047,121.01000213623047,127728200,123.47000122070312,122.72000122070312,121.46546173095703
02-12-2020,120.88999938964844,122.0199966430664,89004200,123.37000274658203,123.08000183105469,121.82179260253906
03-12-2020,122.20999908447266,123.5199966430664,78967600,123.77999877929688,122.94000244140625,121.68321990966797
04-12-2020,121.5199966430664,122.5999984741211,78260400,122.86000061035156,122.25,121.00025939941406
07-12-2020,122.25,122.30999755859375,86712000,124.56999969482422,123.75,122.48493957519531
08-12-2020,123.08999633789062,124.37000274658203,82225500,124.9800033569336,124.37999725341797,123.10848236083984
09-12-2020,121.0,124.52999877929688,115089200,125.94999694824219,121.77999877929688,120.53506469726562
10-12-2020,120.1500015258789,120.5,81312200,123.87000274658203,123.23999786376953,121.98013305664062
11-12-2020,120.55000305175781,122.43000030517578,86939800,122.76000213623047,122.41000366210938,121.15863037109375
14-12-2020,121.54000091552734,122.5999984741211,79184500,123.3499984741211,121.77999877929688,120.53506469726562
15-12-2020,124.12999725341797,124.33999633789062,157243700,127.9000015258789,127.87999725341797,126.57271575927734
16-12-2020,126.55999755859375,127.41000366210938,98208600,128.3699951171875,127.80999755859375,126.50342559814453
17-12-2020,128.0399932861328,128.89999389648438,94359800,129.5800018310547,128.6999969482422,127.38432312011719
18-12-2020,126.12000274658203,128.9600067138672,192541500,129.10000610351562,126.66000366210938,125.36518859863281
21-12-2020,123.44999694824219,125.0199966430664,121251600,128.30999755859375,128.22999572753906,126.91912078857422
22-12-2020,129.64999389648438,131.61000061035156,168904800,134.41000366210938,131.8800048828125,130.5318145751953
23-12-2020,130.77999877929688,132.16000366210938,88223700,132.42999267578125,130.9600067138672,129.62123107910156
24-12-2020,131.10000610351562,131.32000732421875,54930100,133.4600067138672,131.97000122070312,130.62091064453125
28-12-2020,133.50999450683594,133.99000549316406,124486200,137.33999633789062,136.69000244140625,135.29266357421875
29-12-2020,134.33999633789062,138.0500030517578,121047300,138.7899932861328,134.8699951171875,133.49124145507812
30-12-2020,133.39999389648438,135.5800018310547,96452100,135.99000549316406,133.72000122070312,132.35299682617188
31-12-2020,131.72000122070312,134.0800018310547,99116600,134.74000549316406,132.69000244140625,131.33355712890625
04-01-2021,126.76000213623047,133.52000427246094,143301900,133.61000061035156,129.41000366210938,128.0870819091797
05-01-2021,128.42999267578125,128.88999938964844,97664900,131.74000549316406,131.00999450683594,129.6707000732422
06-01-2021,126.37999725341797,127.72000122070312,155088000,131.0500030517578,126.5999984741211,125.30580139160156
07-01-2021,127.86000061035156,128.36000061035156,109578200,131.6300048828125,130.9199981689453,129.58163452148438
08-01-2021,130.22999572753906,132.42999267578125,105158200,132.6300048828125,132.0500030517578,130.70010375976562
11-01-2021,128.5,129.19000244140625,100384500,130.1699981689453,128.97999572753906,127.66146850585938
12-01-2021,126.86000061035156,128.5,91951100,129.69000244140625,128.8000030517578,127.48330688476562
13-01-2021,128.49000549316406,128.75999450683594,88636800,131.4499969482422,130.88999938964844,129.5519256591797
14-01-2021,128.75999450683594,130.8000030517578,90221800,131.0,128.91000366210938,127.59217834472656
15-01-2021,127.0,128.77999877929688,111598500,130.22000122070312,127.13999938964844,125.84027099609375
19-01-2021,126.94000244140625,127.77999877929688,90757300,128.7100067138672,127.83000183105469,126.52322387695312
20-01-2021,128.5500030517578,128.66000366210938,104319500,132.49000549316406,132.02999877929688,130.68031311035156
21-01-2021,133.58999633789062,133.8000030517578,120150900,139.6699981689453,136.8699951171875,135.4708251953125
22-01-2021,135.02000427246094,136.27999877929688,114459400,139.85000610351562,139.07000732421875,137.64833068847656
25-01-2021,136.5399932861328,143.07000732421875,157611700,145.08999633789062,142.9199981689453,141.45895385742188
26-01-2021,141.3699951171875,143.60000610351562,98390600,144.3000030517578,143.16000366210938,141.69650268554688
27-01-2021,140.41000366210938,143.42999267578125,140843800,144.3000030517578,142.05999755859375,140.6077423095703
28-01-2021,136.6999969482422,139.52000427246094,142621100,141.99000549316406,137.08999633789062,135.68856811523438
29-01-2021,130.2100067138672,135.8300018310547,177523800,136.74000549316406,131.9600067138672,130.6110076904297
01-02-2021,130.92999267578125,133.75,106239800,135.3800048828125,134.13999938964844,132.76870727539062
02-02-2021,134.61000061035156,135.72999572753906,83305400,136.30999755859375,134.99000549316406,133.6100616455078
03-02-2021,133.61000061035156,135.75999450683594,89880900,135.77000427246094,133.94000244140625,132.57077026367188
04-02-2021,134.58999633789062,136.3000030517578,84183100,137.39999389648438,137.38999938964844,135.9854736328125
05-02-2021,135.86000061035156,137.35000610351562,75693800,137.4199981689453,136.75999450683594,135.56419372558594
08-02-2021,134.9199981689453,136.02999877929688,71297200,136.9600067138672,136.91000366210938,135.712890625
09-02-2021,135.85000610351562,136.6199951171875,76774200,137.8800048828125,136.00999450683594,134.8207550048828
10-02-2021,134.39999389648438,136.47999572753906,73046600,136.99000549316406,135.38999938964844,134.2061767578125
11-02-2021,133.77000427246094,135.89999389648438,64280000,136.38999938964844,135.1300048828125,133.94845581054688
12-02-2021,133.69000244140625,134.35000610351562,60145100,135.52999877929688,135.3699951171875,134.18634033203125
16-02-2021,132.7899932861328,135.49000549316406,80576300,136.00999450683594,133.19000244140625,132.02542114257812
17-02-2021,129.47000122070312,131.25,97918500,132.22000122070312,130.83999633789062,129.6959686279297
18-02-2021,127.41000366210938,129.1999969482422,96856700,130.0,129.7100067138672,128.57586669921875
19-02-2021,128.8000030517578,130.24000549316406,87668800,130.7100067138672,129.8699951171875,128.7344512939453
22-02-2021,125.5999984741211,128.00999450683594,103916400,129.72000122070312,126.0,124.89828491210938
23-02-2021,118.38999938964844,123.76000213623047,158273000,126.70999908447266,125.86000061035156,124.759521484375
24-02-2021,122.2300033569336,124.94000244140625,111039900,125.55999755859375,125.3499984741211,124.25396728515625
25-02-2021,120.54000091552734,124.68000030517578,148199500,126.45999908447266,120.98999786376953,119.93209838867188
26-02-2021,121.19999694824219,122.58999633789062,164560400,124.8499984741211,121.26000213623047,120.19974517822266
01-03-2021,122.79000091552734,123.75,116307900,127.93000030517578,127.79000091552734,126.67263793945312
02-03-2021,125.01000213623047,128.41000366210938,102260900,128.72000122070312,125.12000274658203,124.02598571777344
03-03-2021,121.83999633789062,124.80999755859375,112966300,125.70999908447266,122.05999755859375,120.99274444580078
04-03-2021,118.62000274658203,121.75,178155000,123.5999984741211,120.12999725341797,119.07962036132812
05-03-2021,117.56999969482422,120.9800033569336,153766600,121.94000244140625,121.41999816894531,120.35832214355469
08-03-2021,116.20999908447266,120.93000030517578,154376600,121.0,116.36000061035156,115.34256744384766
09-03-2021,118.79000091552734,119.02999877929688,129525800,122.05999755859375,121.08999633789062,120.03121185302734
10-03-2021,119.44999694824219,121.69000244140625,111943300,122.16999816894531,119.9800033569336,118.93092346191406
11-03-2021,121.26000213623047,122.54000091552734,103026500,123.20999908447266,121.95999908447266,120.89360809326172
12-03-2021,119.16000366210938,120.4000015258789,88105100,121.16999816894531,121.02999877929688,119.97174072265625
15-03-2021,120.41999816894531,121.41000366210938,92403800,124.0,123.98999786376953,122.90586853027344
16-03-2021,124.72000122070312,125.69999694824219,115227900,127.22000122070312,125.56999969482422,124.4720458984375
17-03-2021,122.33999633789062,124.05000305175781,111932600,125.86000061035156,124.76000213623047,123.66913604736328
18-03-2021,120.31999969482422,122.87999725341797,121229700,123.18000030517578,120.52999877929688,119.47611236572266
19-03-2021,119.68000030517578,119.9000015258789,185549500,121.43000030517578,119.98999786376953,118.94083404541016
22-03-2021,120.26000213623047,120.33000183105469,111912300,123.87000274658203,123.38999938964844,122.31109619140625
23-03-2021,122.13999938964844,123.33000183105469,95467100,124.23999786376953,122.54000091552734,121.46854400634766
24-03-2021,120.06999969482422,122.81999969482422,88530500,122.9000015258789,120.08999633789062,119.03996276855469
25-03-2021,119.0,119.54000091552734,98844700,121.66000366210938,120.58999633789062,119.53558349609375
26-03-2021,118.91999816894531,120.3499984741211,94071200,121.4800033569336,121.20999908447266,120.15017700195312
29-03-2021,120.7300033569336,121.6500015258789,80819200,122.58000183105469,121.38999938964844,120.32859802246094
30-03-2021,118.86000061035156,120.11000061035156,85671900,120.4000015258789,119.9000015258789,118.85163879394531
31-03-2021,121.1500015258789,121.6500015258789,118323800,123.5199966430664,122.1500015258789,121.08196258544922
01-04-2021,122.48999786376953,123.66000366210938,75089100,124.18000030517578,123.0,121.92452239990234
05-04-2021,123.06999969482422,123.87000274658203,88651200,126.16000366210938,125.9000015258789,124.79916381835938
06-04-2021,125.6500015258789,126.5,80171300,127.12999725341797,126.20999908447266,125.1064453125
07-04-2021,125.13999938964844,125.83000183105469,83466700,127.91999816894531,127.9000015258789,126.78166961669922
08-04-2021,128.52000427246094,128.9499969482422,88844600,130.38999938964844,130.36000061035156,129.22015380859375
09-04-2021,129.47000122070312,129.8000030517578,106686700,133.0399932861328,133.0,131.8370819091797
12-04-2021,130.6300048828125,132.52000427246094,91420000,132.85000610351562,131.24000549316406,130.0924530029297
13-04-2021,131.92999267578125,132.44000244140625,91266500,134.66000366210938,134.42999267578125,133.25457763671875
14-04-2021,131.66000366210938,134.94000244140625,87222800,135.0,132.02999877929688,130.8755645751953
15-04-2021,133.63999938964844,133.82000732421875,89347100,135.0,134.5,133.323974609375
16-04-2021,133.27999877929688,134.3000030517578,84922400,134.6699981689453,134.16000366210938,132.9869384765625
19-04-2021,133.33999633789062,133.50999450683594,94264200,135.47000122070312,134.83999633789062,133.6610107421875
20-04-2021,131.80999755859375,135.02000427246094,94812300,135.52999877929688,133.11000061035156,131.94610595703125
21-04-2021,131.3000030517578,132.36000061035156,68847100,133.75,133.5,132.33270263671875
22-04-2021,131.41000366210938,133.0399932861328,84566500,134.14999389648438,131.94000244140625,130.78636169433594
23-04-2021,132.16000366210938,132.16000366210938,78657500,135.1199951171875,134.32000732421875,133.14553833007812
26-04-2021,133.55999755859375,134.8300018310547,66905100,135.05999755859375,134.72000122070312,133.5420379638672
27-04-2021,134.11000061035156,135.00999450683594,66015800,135.41000366210938,134.38999938964844,133.21493530273438
28-04-2021,133.0800018310547,134.30999755859375,107760100,135.02000427246094,133.5800018310547,132.41200256347656
29-04-2021,132.4499969482422,136.47000122070312,151101000,137.07000732421875,133.47999572753906,132.31288146972656
30-04-2021,131.07000732421875,131.77999877929688,109839500,133.55999755859375,131.4600067138672,130.310546875
03-05-2021,131.8300018310547,132.0399932861328,75135100,134.07000732421875,132.5399932861328,131.381103515625
04-05-2021,126.69999694824219,131.19000244140625,137564700,131.49000549316406,127.8499984741211,126.73211669921875
05-05-2021,127.97000122070312,129.1999969482422,84000900,130.4499969482422,128.10000610351562,126.97993469238281
06-05-2021,127.12999725341797,127.88999938964844,78128300,129.75,129.74000549316406,128.60560607910156
07-05-2021,129.47999572753906,130.85000610351562,78973300,131.25999450683594,130.2100067138672,129.2907257080078
10-05-2021,126.80999755859375,129.41000366210938,88071200,129.5399932861328,126.8499984741211,125.95443725585938
11-05-2021,122.7699966430664,123.5,126142800,126.2699966430664,125.91000366210938,125.02108001708984
12-05-2021,122.25,123.4000015258789,112172300,124.63999938964844,122.7699966430664,121.90324401855469
13-05-2021,124.26000213623047,124.58000183105469,105861300,126.1500015258789,124.97000122070312,124.08771514892578
14-05-2021,125.8499984741211,126.25,81918000,127.88999938964844,127.44999694824219,126.55020141601562
17-05-2021,125.16999816894531,126.81999969482422,74244600,126.93000030517578,126.2699966430664,125.37853240966797
18-05-2021,124.77999877929688,126.55999755859375,63342900,126.98999786376953,124.8499984741211,123.96855926513672
19-05-2021,122.86000061035156,123.16000366210938,92612000,124.91999816894531,124.69000244140625,123.8096923828125
20-05-2021,125.0999984741211,125.2300033569336,76857100,127.72000122070312,127.30999755859375,126.41118621826172
21-05-2021,125.20999908447266,127.81999969482422,79295400,128.0,125.43000030517578,124.5444564819336
24-05-2021,125.94000244140625,126.01000213623047,63092900,127.94000244140625,127.0999984741211,126.20267486572266
25-05-2021,126.31999969482422,127.81999969482422,72009500,128.32000732421875,126.9000015258789,126.00408935546875
26-05-2021,126.41999816894531,126.95999908447266,56575900,127.38999938964844,126.8499984741211,125.95443725585938
27-05-2021,125.08000183105469,126.44000244140625,94625600,127.63999938964844,125.27999877929688,124.39552307128906
28-05-2021,124.55000305175781,125.56999969482422,71311100,125.80000305175781,124.61000061035156,123.7302474975586
01-06-2021,123.94000244140625,125.08000183105469,67637100,125.3499984741211,124.27999877929688,123.40258026123047
02-06-2021,124.05000305175781,124.27999877929688,59278900,125.23999786376953,125.05999755859375,124.17707824707031
03-06-2021,123.12999725341797,124.68000030517578,76229200,124.8499984741211,123.54000091552734,122.66780853271484
04-06-2021,123.8499984741211,124.06999969482422,75169300,126.16000366210938,125.88999938964844,125.00121307373047
07-06-2021,124.83000183105469,126.16999816894531,71057600,126.31999969482422,125.9000015258789,125.01113891601562
08-06-2021,126.20999908447266,126.5999984741211,74403800,128.4600067138672,126.73999786376953,125.84520721435547
09-06-2021,126.5199966430664,127.20999908447266,56877900,127.75,127.12999725341797,126.23245239257812
10-06-2021,125.94000244140625,127.0199966430664,71186400,128.19000244140625,126.11000061035156,125.21965789794922
11-06-2021,126.0999984741211,126.52999877929688,53522400,127.44000244140625,127.3499984741211,126.4509048461914
14-06-2021,127.06999969482422,127.81999969482422,96906500,130.5399932861328,130.47999572753906,129.55880737304688
15-06-2021,129.38999938964844,129.94000244140625,62746300,130.60000610351562,129.63999938964844,128.72474670410156
16-06-2021,128.4600067138672,130.3699951171875,91815000,130.88999938964844,130.14999389648438,129.23114013671875
17-06-2021,129.64999389648438,129.8000030517578,96721700,132.5500030517578,131.7899932861328,130.8595428466797
18-06-2021,130.24000549316406,130.7100067138672,108953300,131.50999450683594,130.4600067138672,129.53895568847656
21-06-2021,129.2100067138672,130.3000030517578,79663300,132.41000366210938,132.3000030517578,131.365966796875
22-06-2021,131.6199951171875,132.1300048828125,74783600,134.0800018310547,133.97999572753906,133.03408813476562
23-06-2021,133.22999572753906,133.77000427246094,60214200,134.32000732421875,133.6999969482422,132.75607299804688
24-06-2021,132.92999267578125,134.4499969482422,68711000,134.63999938964844,133.41000366210938,132.46812438964844
25-06-2021,132.80999755859375,133.4600067138672,70783700,133.88999938964844,133.11000061035156,132.17022705078125
28-06-2021,133.35000610351562,133.41000366210938,62111300,135.25,134.77999877929688,133.82846069335938
29-06-2021,134.35000610351562,134.8000030517578,64556100,136.49000549316406,136.3300018310547,135.36752319335938
30-06-2021,135.8699951171875,136.1699981689453,63261400,137.41000366210938,136.9600067138672,135.9930419921875
01-07-2021,135.75999450683594,136.60000610351562,52485800,137.3300018310547,137.27000427246094,136.30088806152344
02-07-2021,137.75,137.89999389648438,78852600,140.0,139.9600067138672,138.9718780517578
06-07-2021,140.07000732421875,140.07000732421875,108181800,143.14999389648438,142.02000427246094,141.017333984375
07-07-2021,142.66000366210938,143.5399932861328,104911600,144.88999938964844,144.57000732421875,143.54934692382812
08-07-2021,140.6699981689453,141.5800018310547,105575500,144.05999755859375,143.24000549316406,142.22872924804688
09-07-2021,142.64999389648438,142.75,99890800,145.64999389648438,145.11000061035156,144.0855255126953
12-07-2021,144.0,146.2100067138672,76299700,146.32000732421875,144.5,143.4798126220703
13-07-2021,143.6300048828125,144.02999877929688,100827100,147.4600067138672,145.63999938964844,144.61178588867188
14-07-2021,147.67999267578125,148.10000610351562,127050800,149.57000732421875,149.14999389648438,148.0970001220703
15-07-2021,147.08999633789062,149.24000549316406,106820300,150.0,148.47999572753906,147.4317169189453
16-07-2021,145.8800048828125,148.4600067138672,93251400,149.75999450683594,146.38999938964844,145.35647583007812
19-07-2021,141.6699981689453,143.75,121434600,144.07000732421875,142.4499969482422,141.4442901611328
20-07-2021,142.9600067138672,143.4600067138672,96350000,147.10000610351562,146.14999389648438,145.11817932128906
21-07-2021,144.6300048828125,145.52999877929688,74993500,146.1300048828125,145.39999389648438,144.37344360351562
22-07-2021,145.80999755859375,145.94000244140625,77338200,148.1999969482422,146.8000030517578,145.76358032226562
23-07-2021,146.9199981689453,147.5500030517578,71447400,148.72000122070312,148.55999755859375,147.51116943359375
26-07-2021,147.6999969482422,148.27000427246094,72434100,149.8300018310547,148.99000549316406,147.93814086914062
27-07-2021,145.5500030517578,149.1199951171875,104818600,149.2100067138672,146.77000427246094,145.7338104248047
28-07-2021,142.5399932861328,144.80999755859375,118931200,146.97000122070312,144.97999572753906,143.95640563964844
29-07-2021,144.5800018310547,144.69000244140625,56699500,146.5500030517578,145.63999938964844,144.61178588867188
30-07-2021,144.11000061035156,144.3800048828125,70440600,146.3300018310547,145.86000061035156,144.83021545410156
02-08-2021,145.25,146.36000061035156,62880000,146.9499969482422,145.52000427246094,144.49261474609375
03-08-2021,145.17999267578125,145.80999755859375,64786600,148.0399932861328,147.36000061035156,146.3196258544922
04-08-2021,146.27999877929688,147.27000427246094,56368300,147.7899932861328,146.9499969482422,145.91253662109375
05-08-2021,146.1699981689453,146.97999572753906,46397700,147.83999633789062,147.05999755859375,146.02174377441406
06-08-2021,145.6300048828125,146.35000610351562,54126800,147.11000061035156,146.13999938964844,145.32566833496094
09-08-2021,145.52000427246094,146.1999969482422,48908700,146.6999969482422,146.08999633789062,145.27593994140625
10-08-2021,145.3000030517578,146.44000244140625,69023100,147.7100067138672,145.60000610351562,144.78866577148438
11-08-2021,145.52999877929688,146.0500030517578,48493500,146.72000122070312,145.86000061035156,145.04721069335938
12-08-2021,145.83999633789062,146.19000244140625,72282600,149.0500030517578,148.88999938964844,148.06033325195312
13-08-2021,148.27000427246094,148.97000122070312,59375000,149.44000244140625,149.10000610351562,148.26918029785156
16-08-2021,146.47000122070312,148.5399932861328,103296000,151.19000244140625,151.1199951171875,150.2779083251953
17-08-2021,149.08999633789062,150.22999572753906,92229700,151.67999267578125,150.19000244140625,149.3531036376953
18-08-2021,146.14999389648438,149.8000030517578,86326000,150.72000122070312,146.36000061035156,145.54444885253906
19-08-2021,144.5,145.02999877929688,86960300,148.0,146.6999969482422,145.8825225830078
20-08-2021,146.77999877929688,147.44000244140625,60549600,148.5,148.19000244140625,147.36422729492188
23-08-2021,147.88999938964844,148.30999755859375,60131800,150.19000244140625,149.7100067138672,148.87576293945312
24-08-2021,149.14999389648438,149.4499969482422,48606400,150.86000061035156,149.6199951171875,148.78627014160156
25-08-2021,147.8000030517578,149.80999755859375,58991300,150.32000732421875,148.36000061035156,147.5332794189453
26-08-2021,147.50999450683594,148.35000610351562,48597200,149.1199951171875,147.5399932861328,146.71786499023438
27-08-2021,146.8300018310547,147.47999572753906,55802400,148.75,148.60000610351562,147.77194213867188
30-08-2021,148.61000061035156,149.0,90956700,153.49000549316406,153.1199951171875,152.26675415039062
31-08-2021,151.2899932861328,152.66000366210938,86453100,152.8000030517578,151.8300018310547,150.9839630126953
01-09-2021,152.33999633789062,152.8300018310547,80313700,154.97999572753906,152.50999450683594,151.66015625
02-09-2021,152.39999389648438,153.8699951171875,71115500,154.72000122070312,153.64999389648438,152.79380798339844
03-09-2021,153.08999633789062,153.75999450683594,57808700,154.6300048828125,154.3000030517578,153.440185546875
07-09-2021,154.38999938964844,154.97000122070312,82278300,157.25999450683594,156.69000244140625,155.81687927246094
08-09-2021,153.97999572753906,156.97999572753906,74420200,157.0399932861328,155.11000061035156,154.2456817626953
09-09-2021,153.9499969482422,155.49000549316406,57305700,156.11000061035156,154.07000732421875,153.21148681640625
10-09-2021,148.6999969482422,155.0,140893200,155.47999572753906,148.97000122070312,148.13990783691406
13-09-2021,148.75,150.6300048828125,102404300,151.4199981689453,149.5500030517578,148.71665954589844
14-09-2021,146.91000366210938,150.35000610351562,109296300,151.07000732421875,148.1199951171875,147.29461669921875
15-09-2021,146.3699951171875,148.55999755859375,83281300,149.44000244140625,149.02999877929688,148.19955444335938
16-09-2021,147.22000122070312,148.44000244140625,68034100,148.97000122070312,148.7899932861328,147.9608917236328
17-09-2021,145.75999450683594,148.82000732421875,129868800,148.82000732421875,146.05999755859375,145.24609375
20-09-2021,141.27000427246094,143.8000030517578,123478900,144.83999633789062,142.94000244140625,142.14349365234375
21-09-2021,142.77999877929688,143.92999267578125,75834000,144.60000610351562,143.42999267578125,142.6307373046875
22-09-2021,143.6999969482422,144.4499969482422,76404300,146.42999267578125,145.85000610351562,145.0372772216797
23-09-2021,145.63999938964844,146.64999389648438,64838200,147.0800018310547,146.8300018310547,146.01182556152344
24-09-2021,145.55999755859375,145.66000366210938,53477900,147.47000122070312,146.9199981689453,146.10130310058594
27-09-2021,143.82000732421875,145.47000122070312,74150700,145.9600067138672,145.3699951171875,144.5599365234375
28-09-2021,141.69000244140625,143.25,108972300,144.75,141.91000366210938,141.11923217773438
29-09-2021,142.02999877929688,142.47000122070312,74602000,144.4499969482422,142.8300018310547,142.03411865234375
30-09-2021,141.27999877929688,143.66000366210938,89056700,144.3800048828125,141.5,140.71151733398438
01-10-2021,139.11000061035156,141.89999389648438,94639600,142.9199981689453,142.64999389648438,141.8551025390625
04-10-2021,138.27000427246094,141.75999450683594,98322000,142.2100067138672,139.13999938964844,138.36465454101562
05-10-2021,139.36000061035156,139.49000549316406,80861100,142.24000549316406,141.11000061035156,140.3236846923828
06-10-2021,138.3699951171875,139.47000122070312,83221100,142.14999389648438,142.0,141.20872497558594
07-10-2021,142.72000122070312,143.05999755859375,61732700,144.22000122070312,143.2899932861328,142.49154663085938
08-10-2021,142.55999755859375,144.02999877929688,58773200,144.17999267578125,142.89999389648438,142.10369873046875
11-10-2021,141.80999755859375,142.27000427246094,64452200,144.80999755859375,142.80999755859375,142.0142059326172
12-10-2021,141.0399932861328,143.22999572753906,73035900,143.25,141.50999450683594,140.72145080566406
13-10-2021,139.1999969482422,141.24000549316406,78762700,141.39999389648438,140.91000366210938,140.1248016357422
14-10-2021,141.50999450683594,142.11000061035156,69907100,143.8800048828125,143.75999450683594,142.95892333984375
15-10-2021,143.50999450683594,143.77000427246094,67940300,144.89999389648438,144.83999633789062,144.03289794921875
18-10-2021,143.16000366210938,143.4499969482422,85589200,146.83999633789062,146.5500030517578,145.73338317871094
19-10-2021,146.5500030517578,147.00999450683594,76378900,149.1699981689453,148.75999450683594,147.93106079101562
20-10-2021,148.1199951171875,148.6999969482422,58418800,149.75,149.25999450683594,148.42825317382812
21-10-2021,147.8699951171875,148.80999755859375,61421000,149.63999938964844,149.47999572753906,148.64703369140625
22-10-2021,148.63999938964844,149.69000244140625,58883400,150.17999267578125,148.69000244140625,147.8614501953125
25-10-2021,147.6199951171875,148.67999267578125,50720600,149.3699951171875,148.63999938964844,147.8117218017578
26-10-2021,149.00999450683594,149.3300018310547,60893400,150.83999633789062,149.32000732421875,148.4879608154297
27-10-2021,148.49000549316406,149.36000061035156,56094900,149.72999572753906,148.85000610351562,148.02056884765625
28-10-2021,149.72000122070312,149.82000732421875,100077900,153.1699981689453,152.57000732421875,151.71983337402344
29-10-2021,146.41000366210938,147.22000122070312,124953200,149.94000244140625,149.8000030517578,148.96527099609375
01-11-2021,147.8000030517578,148.99000549316406,74588300,149.6999969482422,148.9600067138672,148.1299591064453
02-11-2021,148.64999389648438,148.66000366210938,69122000,151.57000732421875,150.02000427246094,149.1840362548828
03-11-2021,149.82000732421875,150.38999938964844,54511500,151.97000122070312,151.49000549316406,150.64585876464844
04-11-2021,150.63999938964844,151.5800018310547,60394600,152.42999267578125,150.9600067138672,150.11880493164062
05-11-2021,150.05999755859375,151.88999938964844,65463900,152.1999969482422,151.27999877929688,150.6565704345703
08-11-2021,150.16000366210938,151.41000366210938,55020900,151.57000732421875,150.44000244140625,149.82003784179688
09-11-2021,150.05999755859375,150.1999969482422,56787900,151.42999267578125,150.80999755859375,150.18849182128906
10-11-2021,147.85000610351562,150.02000427246094,65187100,150.1300048828125,147.9199981689453,147.3104248046875
11-11-2021,147.67999267578125,148.9600067138672,41000000,149.42999267578125,147.8699951171875,147.2606201171875
12-11-2021,147.47999572753906,148.42999267578125,63804000,150.39999389648438,149.99000549316406,149.3719024658203
15-11-2021,149.42999267578125,150.3699951171875,59222800,151.8800048828125,150.0,149.38185119628906
16-11-2021,149.33999633789062,149.94000244140625,59256200,151.49000549316406,151.0,150.37771606445312
17-11-2021,150.99000549316406,151.0,88807000,155.0,153.49000549316406,152.8574676513672
18-11-2021,153.0500030517578,153.7100067138672,137827700,158.6699981689453,157.8699951171875,157.2194061279297
19-11-2021,156.52999877929688,157.64999389648438,117305600,161.02000427246094,160.5500030517578,159.88836669921875
22-11-2021,161.0,161.67999267578125,117467900,165.6999969482422,161.02000427246094,160.35643005371094
23-11-2021,159.05999755859375,161.1199951171875,96041900,161.8000030517578,161.41000366210938,160.74484252929688
24-11-2021,159.63999938964844,160.75,69463600,162.13999938964844,161.94000244140625,161.27264404296875
26-11-2021,156.36000061035156,159.57000732421875,76959800,160.4499969482422,156.80999755859375,156.16378784179688
29-11-2021,158.7899932861328,159.3699951171875,88748200,161.19000244140625,160.24000549316406,159.57965087890625
30-11-2021,159.9199981689453,159.99000549316406,174048100,165.52000427246094,165.3000030517578,164.61880493164062
01-12-2021,164.52999877929688,167.47999572753906,152052500,170.3000030517578,164.77000427246094,164.0909881591797
02-12-2021,157.8000030517578,158.74000549316406,136739200,164.1999969482422,163.75999450683594,163.08514404296875
03-12-2021,159.72000122070312,164.02000427246094,118023100,164.9600067138672,161.83999633789062,161.17306518554688
06-12-2021,164.27999877929688,164.2899932861328,107497000,167.8800048828125,165.32000732421875,164.6387176513672
07-12-2021,168.33999633789062,169.0800018310547,120405400,171.5800018310547,171.17999267578125,170.4745635986328
08-12-2021,170.6999969482422,172.1300048828125,116998900,175.9600067138672,175.0800018310547,174.35848999023438
09-12-2021,173.9199981689453,174.91000366210938,108923700,176.75,174.55999755859375,173.84063720703125
10-12-2021,174.69000244140625,175.2100067138672,115402700,179.6300048828125,179.4499969482422,178.71047973632812
13-12-2021,175.52999877929688,181.1199951171875,153237000,182.1300048828125,175.74000549316406,175.01577758789062
14-12-2021,172.2100067138672,175.25,139380400,177.74000549316406,174.3300018310547,173.61158752441406
15-12-2021,172.30999755859375,175.11000061035156,131063300,179.5,179.3000030517578,178.5611114501953
16-12-2021,170.75,179.27999877929688,150185800,181.13999938964844,172.25999450683594,171.5500946044922
17-12-2021,169.69000244140625,169.92999267578125,195432700,173.47000122070312,171.13999938964844,170.43472290039062
20-12-2021,167.4600067138672,168.27999877929688,107499100,170.5800018310547,169.75,169.0504608154297
21-12-2021,169.1199951171875,171.55999755859375,91185900,173.1999969482422,172.99000549316406,172.277099609375
22-12-2021,172.14999389648438,173.0399932861328,92135300,175.86000061035156,175.63999938964844,174.9161834716797
23-12-2021,175.27000427246094,175.85000610351562,68356600,176.85000610351562,176.27999877929688,175.5535430908203
27-12-2021,177.07000732421875,177.08999633789062,74919600,180.4199981689453,180.3300018310547,179.5868682861328
28-12-2021,178.52999877929688,180.16000366210938,79144300,181.3300018310547,179.2899932861328,178.55113220214844
29-12-2021,178.13999938964844,179.3300018310547,62348900,180.6300048828125,179.3800048828125,178.64077758789062
30-12-2021,178.08999633789062,179.47000122070312,59773000,180.57000732421875,178.1999969482422,177.46563720703125
31-12-2021,177.25999450683594,178.08999633789062,64062300,179.22999572753906,177.57000732421875,176.83824157714844
03-01-2022,177.7100067138672,177.8300018310547,104487900,182.8800048828125,182.00999450683594,181.2599334716797
04-01-2022,179.1199951171875,182.6300048828125,99310400,182.94000244140625,179.6999969482422,178.95944213867188
05-01-2022,174.63999938964844,179.61000061035156,94537600,180.1699981689453,174.9199981689453,174.19915771484375
06-01-2022,171.63999938964844,172.6999969482422,96904000,175.3000030517578,172.0,171.2911834716797
07-01-2022,171.02999877929688,172.88999938964844,86709100,174.13999938964844,172.1699981689453,171.4604949951172
10-01-2022,168.1699981689453,169.0800018310547,106765600,172.5,172.19000244140625,171.48040771484375
11-01-2022,170.82000732421875,172.32000732421875,76138300,175.17999267578125,175.0800018310547,174.35848999023438
12-01-2022,174.82000732421875,176.1199951171875,74805200,177.17999267578125,175.52999877929688,174.806640625
13-01-2022,171.7899932861328,175.77999877929688,84505800,176.6199951171875,172.19000244140625,171.48040771484375
14-01-2022,171.08999633789062,171.33999633789062,80440800,173.77999877929688,173.07000732421875,172.35679626464844
18-01-2022,169.41000366210938,171.50999450683594,90956700,172.5399932861328,169.8000030517578,169.10025024414062
19-01-2022,165.94000244140625,170.0,94815000,171.0800018310547,166.22999572753906,165.5449676513672
20-01-2022,164.17999267578125,166.97999572753906,91420500,169.67999267578125,164.50999450683594,163.83204650878906
21-01-2022,162.3000030517578,164.4199981689453,122848900,166.3300018310547,162.41000366210938,161.74070739746094
24-01-2022,154.6999969482422,160.02000427246094,162294600,162.3000030517578,161.6199951171875,160.95396423339844
25-01-2022,157.02000427246094,158.97999572753906,115798400,162.75999450683594,159.77999877929688,159.1215362548828
26-01-2022,157.82000732421875,163.5,108275300,164.38999938964844,159.69000244140625,159.03192138671875
27-01-2022,158.27999877929688,162.4499969482422,121954600,163.83999633789062,159.22000122070312,158.56385803222656
28-01-2022,162.8000030517578,165.7100067138672,179935700,170.35000610351562,170.3300018310547,169.62808227539062
31-01-2022,169.50999450683594,170.16000366210938,115541600,175.0,174.77999877929688,174.05972290039062
01-02-2022,172.30999755859375,174.00999450683594,86213900,174.83999633789062,174.61000061035156,173.8904266357422
02-02-2022,173.3300018310547,174.75,84914300,175.8800048828125,175.83999633789062,175.1153564453125
03-02-2022,172.1199951171875,174.47999572753906,89418100,176.24000549316406,172.89999389648438,172.18746948242188
04-02-2022,170.67999267578125,171.67999267578125,82465400,174.10000610351562,172.38999938964844,171.8983154296875
07-02-2022,170.9499969482422,172.86000061035156,77251200,173.9499969482422,171.66000366210938,171.17039489746094
08-02-2022,171.42999267578125,171.72999572753906,74829200,175.35000610351562,174.8300018310547,174.33135986328125
09-02-2022,174.89999389648438,176.0500030517578,71285000,176.64999389648438,176.27999877929688,175.77720642089844
10-02-2022,171.5500030517578,174.13999938964844,90865900,175.47999572753906,172.1199951171875,171.6290740966797
11-02-2022,168.0399932861328,172.3300018310547,98670700,173.0800018310547,168.63999938964844,168.1590118408203
14-02-2022,166.55999755859375,167.3699951171875,86185500,169.5800018310547,168.8800048828125,168.39833068847656
15-02-2022,170.25,170.97000122070312,62527400,172.9499969482422,172.7899932861328,172.2971649169922
16-02-2022,170.0500030517578,171.85000610351562,61177400,173.33999633789062,172.5500030517578,172.057861328125
17-02-2022,168.47000122070312,171.02999877929688,69589300,171.91000366210938,168.8800048828125,168.39833068847656
18-02-2022,166.19000244140625,169.82000732421875,82772700,170.5399932861328,167.3000030517578,166.8228302001953
22-02-2022,162.14999389648438,164.97999572753906,91162800,166.69000244140625,164.32000732421875,163.85133361816406
23-02-2022,159.75,165.5399932861328,90009200,166.14999389648438,160.07000732421875,159.61346435546875
24-02-2022,152.0,152.5800018310547,141147500,162.85000610351562,162.74000549316406,162.27584838867188
25-02-2022,160.8699951171875,163.83999633789062,91974200,165.1199951171875,164.85000610351562,164.37982177734375
28-02-2022,162.42999267578125,163.05999755859375,95056600,165.4199981689453,165.1199951171875,164.6490478515625
01-03-2022,161.97000122070312,164.6999969482422,83474400,166.60000610351562,163.1999969482422,162.73451232910156
02-03-2022,162.9499969482422,164.38999938964844,79724800,167.36000061035156,166.55999755859375,166.08494567871094
03-03-2022,165.5500030517578,168.47000122070312,76678400,168.91000366210938,166.22999572753906,165.75587463378906
04-03-2022,162.10000610351562,164.49000549316406,83737200,165.5500030517578,163.1699981689453,162.70460510253906
07-03-2022,159.0399932861328,163.36000061035156,96418800,165.02000427246094,159.3000030517578,158.8456573486328
08-03-2022,155.8000030517578,158.82000732421875,131148300,162.8800048828125,157.44000244140625,156.99095153808594
09-03-2022,159.41000366210938,161.47999572753906,91454900,163.41000366210938,162.9499969482422,162.4852294921875
10-03-2022,155.97999572753906,160.1999969482422,105342000,160.38999938964844,158.52000427246094,158.06788635253906
11-03-2022,154.5,158.92999267578125,96970100,159.27999877929688,154.72999572753906,154.28868103027344
14-03-2022,150.10000610351562,151.4499969482422,108732100,154.1199951171875,150.6199951171875,150.19039916992188
15-03-2022,150.3800048828125,150.89999389648438,92964300,155.57000732421875,155.08999633789062,154.64764404296875
16-03-2022,154.4600067138672,157.0500030517578,102300200,160.0,159.58999633789062,159.1348114013672
17-03-2022,157.6300048828125,158.61000061035156,75615400,161.0,160.6199951171875,160.16188049316406
18-03-2022,159.75999450683594,160.50999450683594,123511700,164.47999572753906,163.97999572753906,163.5122833251953
21-03-2022,163.00999450683594,163.50999450683594,95811400,166.35000610351562,165.3800048828125,164.90830993652344
22-03-2022,164.91000366210938,165.50999450683594,81532000,169.4199981689453,168.82000732421875,168.3385009765625
23-03-2022,167.64999389648438,167.99000549316406,98062700,172.63999938964844,170.2100067138672,169.7245330810547
24-03-2022,170.2100067138672,171.05999755859375,90131400,174.13999938964844,174.07000732421875,173.5735321044922
25-03-2022,172.75,173.8800048828125,80546200,175.27999877929688,174.72000122070312,174.22166442871094
28-03-2022,172.0,172.1699981689453,90371900,175.72999572753906,175.60000610351562,175.0991668701172
29-03-2022,176.33999633789062,176.69000244140625,100589400,179.00999450683594,178.9600067138672,178.44956970214844
30-03-2022,176.6999969482422,178.5500030517578,92633200,179.61000061035156,177.77000427246094,177.26296997070312
31-03-2022,174.39999389648438,177.83999633789062,103049300,178.02999877929688,174.61000061035156,174.1119842529297
01-04-2022,171.94000244140625,174.02999877929688,78751300,174.8800048828125,174.30999755859375,173.81283569335938
04-04-2022,174.44000244140625,174.57000732421875,76468400,178.49000549316406,178.44000244140625,177.93106079101562
05-04-2022,174.4199981689453,177.5,73401800,178.3000030517578,175.05999755859375,174.56069946289062
06-04-2022,170.1300048828125,172.36000061035156,89058800,173.6300048828125,171.8300018310547,171.3399200439453
07-04-2022,169.85000610351562,171.16000366210938,77594700,173.36000061035156,172.13999938964844,171.64901733398438
08-04-2022,169.1999969482422,171.77999877929688,76575500,171.77999877929688,170.08999633789062,169.60487365722656
11-04-2022,165.5,168.7100067138672,72246700,169.02999877929688,165.75,165.27725219726562
12-04-2022,166.63999938964844,168.02000427246094,79265200,169.8699951171875,167.66000366210938,167.1818084716797
13-04-2022,166.77000427246094,167.38999938964844,70618900,171.0399932861328,170.39999389648438,169.9139862060547
14-04-2022,165.0399932861328,170.6199951171875,75329400,171.27000427246094,165.2899932861328,164.8185577392578
18-04-2022,163.57000732421875,163.9199981689453,69023900,166.60000610351562,165.07000732421875,164.5991973876953
19-04-2022,163.91000366210938,165.02000427246094,67723800,167.82000732421875,167.39999389648438,166.9225311279297
20-04-2022,166.10000610351562,168.75999450683594,67929800,168.8800048828125,167.22999572753906,166.75302124023438
21-04-2022,165.91000366210938,168.91000366210938,87227800,171.52999877929688,166.4199981689453,165.94532775878906
22-04-2022,161.5,166.4600067138672,84882400,167.8699951171875,161.7899932861328,161.3285369873047
25-04-2022,158.4600067138672,161.1199951171875,96046400,163.1699981689453,162.8800048828125,162.41543579101562
26-04-2022,156.72000122070312,162.25,95623200,162.33999633789062,156.8000030517578,156.352783203125
27-04-2022,155.3800048828125,155.91000366210938,88063200,159.7899932861328,156.57000732421875,156.12344360351562
28-04-2022,158.92999267578125,159.25,130216800,164.52000427246094,163.63999938964844,163.1732635498047
29-04-2022,157.25,161.83999633789062,131747600,166.1999969482422,157.64999389648438,157.20034790039062
02-05-2022,153.27000427246094,156.7100067138672,123055300,158.22999572753906,157.9600067138672,157.50946044921875
03-05-2022,156.32000732421875,158.14999389648438,88966500,160.7100067138672,159.47999572753906,159.02513122558594
04-05-2022,159.25999450683594,159.6699981689453,108256500,166.47999572753906,166.02000427246094,165.54649353027344
05-05-2022,154.9499969482422,163.85000610351562,130525300,164.0800018310547,156.77000427246094,156.3228759765625
06-05-2022,154.17999267578125,156.00999450683594,116124600,159.44000244140625,157.27999877929688,157.06182861328125
09-05-2022,151.49000549316406,154.92999267578125,131577900,155.8300018310547,152.05999755859375,151.8490753173828
10-05-2022,152.92999267578125,155.52000427246094,115366700,156.74000549316406,154.50999450683594,154.29566955566406
11-05-2022,145.80999755859375,153.5,142689800,155.4499969482422,146.5,146.29678344726562
12-05-2022,138.8000030517578,142.77000427246094,182602000,146.1999969482422,142.55999755859375,142.36224365234375
13-05-2022,143.11000061035156,144.58999633789062,113990900,148.10000610351562,147.11000061035156,146.90594482421875
16-05-2022,144.17999267578125,145.5500030517578,86643800,147.52000427246094,145.5399932861328,145.33811950683594
17-05-2022,146.67999267578125,148.86000061035156,78336300,149.77000427246094,149.24000549316406,149.03298950195312
18-05-2022,139.89999389648438,146.85000610351562,109742900,147.36000061035156,140.82000732421875,140.6246795654297
19-05-2022,136.60000610351562,139.8800048828125,136095600,141.66000366210938,137.35000610351562,137.15948486328125
20-05-2022,132.61000061035156,139.08999633789062,137426100,140.6999969482422,137.58999633789062,137.39913940429688
23-05-2022,137.64999389648438,137.7899932861328,117726300,143.25999450683594,143.11000061035156,142.91148376464844
24-05-2022,137.3300018310547,140.80999755859375,104132700,141.97000122070312,140.36000061035156,140.16529846191406
25-05-2022,138.33999633789062,138.42999267578125,92482700,141.7899932861328,140.52000427246094,140.32508850097656
26-05-2022,137.13999938964844,137.38999938964844,90601500,144.33999633789062,143.77999877929688,143.58055114746094
27-05-2022,145.25999450683594,145.38999938964844,90978500,149.67999267578125,149.63999938964844,149.43243408203125
31-05-2022,146.83999633789062,149.07000732421875,103718400,150.66000366210938,148.83999633789062,148.633544921875
01-06-2022,147.67999267578125,149.89999389648438,74286600,151.74000549316406,148.7100067138672,148.50372314453125
02-06-2022,146.86000061035156,147.8300018310547,72348100,151.27000427246094,151.2100067138672,151.00025939941406
03-06-2022,144.4600067138672,146.89999389648438,88570300,147.97000122070312,145.3800048828125,145.1783447265625
06-06-2022,144.89999389648438,147.02999877929688,71598400,148.57000732421875,146.13999938964844,145.93728637695312
07-06-2022,144.10000610351562,144.35000610351562,67808200,149.0,148.7100067138672,148.50372314453125
08-06-2022,147.4600067138672,148.5800018310547,53950200,149.8699951171875,147.9600067138672,147.75477600097656
09-06-2022,142.52999877929688,147.0800018310547,69473000,147.9499969482422,142.63999938964844,142.442138671875
10-06-2022,137.05999755859375,140.27999877929688,91437900,140.75999450683594,137.1300048828125,136.93978881835938
13-06-2022,131.44000244140625,132.8699951171875,122207100,135.1999969482422,131.8800048828125,131.6970672607422
14-06-2022,131.47999572753906,133.1300048828125,84784300,133.88999938964844,132.75999450683594,132.57583618164062
15-06-2022,132.16000366210938,134.2899932861328,91533000,137.33999633789062,135.42999267578125,135.2421417236328
16-06-2022,129.0399932861328,132.0800018310547,108123900,132.38999938964844,130.05999755859375,129.8795928955078
17-06-2022,129.80999755859375,130.07000732421875,134520300,133.0800018310547,131.55999755859375,131.37750244140625
21-06-2022,133.32000732421875,133.4199981689453,81000500,137.05999755859375,135.8699951171875,135.68153381347656
22-06-2022,133.91000366210938,134.7899932861328,73409200,137.75999450683594,135.35000610351562,135.16226196289062
23-06-2022,135.6300048828125,136.82000732421875,72433800,138.58999633789062,138.27000427246094,138.0782012939453
24-06-2022,139.77000427246094,139.89999389648438,89116800,141.91000366210938,141.66000366210938,141.4635009765625
27-06-2022,140.97000122070312,142.6999969482422,70207900,143.49000549316406,141.66000366210938,141.4635009765625
28-06-2022,137.32000732421875,142.1300048828125,67083400,143.4199981689453,137.44000244140625,137.24935913085938
29-06-2022,136.6699981689453,137.4600067138672,66242400,140.6699981689453,139.22999572753906,139.036865234375
30-06-2022,133.77000427246094,137.25,98964500,138.3699951171875,136.72000122070312,136.5303497314453
01-07-2022,135.66000366210938,136.0399932861328,71051600,139.0399932861328,138.92999267578125,138.73727416992188
05-07-2022,136.92999267578125,137.77000427246094,73353800,141.61000061035156,141.55999755859375,141.36363220214844
06-07-2022,141.0800018310547,141.35000610351562,74064300,144.1199951171875,142.9199981689453,142.7217559814453
07-07-2022,143.27999877929688,143.2899932861328,66253700,146.5500030517578,146.35000610351562,146.14700317382812
08-07-2022,145.0,145.25999450683594,64547800,147.5500030517578,147.0399932861328,146.83602905273438
11-07-2022,143.77999877929688,145.6699981689453,63141600,146.63999938964844,144.8699951171875,144.66903686523438
12-07-2022,145.0500030517578,145.75999450683594,77588800,148.4499969482422,145.86000061035156,145.6576690673828
13-07-2022,142.1199951171875,142.99000549316406,71185600,146.4499969482422,145.49000549316406,145.28819274902344
14-07-2022,143.25,144.0800018310547,78140700,148.9499969482422,148.47000122070312,148.26405334472656
15-07-2022,148.1999969482422,149.77999877929688,76259900,150.86000061035156,150.1699981689453,149.96170043945312
18-07-2022,146.6999969482422,150.74000549316406,81420900,151.57000732421875,147.07000732421875,146.86599731445312
19-07-2022,146.91000366210938,147.9199981689453,82982400,151.22999572753906,151.0,150.79054260253906
20-07-2022,150.3699951171875,151.1199951171875,64823400,153.72000122070312,153.0399932861328,152.8277130126953
21-07-2022,151.94000244140625,154.5,65086600,155.57000732421875,155.35000610351562,155.134521484375
22-07-2022,153.41000366210938,155.38999938964844,66675400,156.27999877929688,154.08999633789062,153.87625122070312
25-07-2022,152.27999877929688,154.00999450683594,53623900,155.0399932861328,152.9499969482422,152.7378387451172
26-07-2022,150.8000030517578,152.25999450683594,55138700,153.08999633789062,151.60000610351562,151.3897247314453
27-07-2022,152.16000366210938,152.5800018310547,78620700,157.3300018310547,156.7899932861328,156.572509765625
28-07-2022,154.41000366210938,156.97999572753906,81378700,157.63999938964844,157.35000610351562,157.13174438476562
29-07-2022,159.5,161.24000549316406,101689200,163.6300048828125,162.50999450683594,162.28457641601562
01-08-2022,160.88999938964844,161.00999450683594,67829400,163.58999633789062,161.50999450683594,161.2859649658203
02-08-2022,159.6300048828125,160.10000610351562,59907000,162.41000366210938,160.00999450683594,159.7880401611328
03-08-2022,160.75,160.83999633789062,82507500,166.58999633789062,166.1300048828125,165.89956665039062
04-08-2022,164.42999267578125,166.00999450683594,55474100,167.19000244140625,165.80999755859375,165.5800018310547
05-08-2022,163.0,163.2100067138672,56646600,165.85000610351562,165.35000610351562,165.35000610351562
08-08-2022,164.1999969482422,166.3699951171875,60276900,167.80999755859375,164.8699951171875,164.8699951171875
09-08-2022,163.25,164.02000427246094,63135500,165.82000732421875,164.9199981689453,164.9199981689453
10-08-2022,166.89999389648438,167.67999267578125,70170500,169.33999633789062,169.24000549316406,169.24000549316406
11-08-2022,168.19000244140625,170.05999755859375,57149200,170.99000549316406,168.49000549316406,168.49000549316406
12-08-2022,169.39999389648438,169.82000732421875,67946400,172.1699981689453,172.10000610351562,172.10000610351562
15-08-2022,171.35000610351562,171.52000427246094,54091700,173.38999938964844,173.19000244140625,173.19000244140625
16-08-2022,171.66000366210938,172.77999877929688,56377100,173.7100067138672,173.02999877929688,173.02999877929688
17-08-2022,172.57000732421875,172.77000427246094,79542000,176.14999389648438,174.5500030517578,174.5500030517578
18-08-2022,173.1199951171875,173.75,62290100,174.89999389648438,174.14999389648438,174.14999389648438
19-08-2022,171.30999755859375,173.02999877929688,70211500,173.74000549316406,171.52000427246094,171.52000427246094
22-08-2022,167.13999938964844,169.69000244140625,69026800,169.86000061035156,167.57000732421875,167.57000732421875
23-08-2022,166.64999389648438,167.0800018310547,54147100,168.7100067138672,167.22999572753906,167.22999572753906
24-08-2022,166.25,167.32000732421875,53841500,168.11000061035156,167.52999877929688,167.52999877929688
25-08-2022,168.35000610351562,168.77999877929688,51218200,170.13999938964844,170.02999877929688,170.02999877929688
26-08-2022,163.55999755859375,170.57000732421875,78823500,171.0500030517578,163.6199951171875,163.6199951171875
29-08-2022,160.52999877929688,161.14500427246094,23648416,162.89999389648438,160.52999877929688,160.52999877929688
